scenario,allowance_pct
Baseline,0.05900214417505355
Adverse,0.07375268021881692
Severe,0.0885032162625803
